{
  "project_info": {
    "project_number": "112084494701",
    "project_id": "instagram-clone-af73d",
    "storage_bucket": "instagram-clone-af73d.appspot.com"
  },
  "client": [
    {
      "client_info": {
        "mobilesdk_app_id": "1:112084494701:android:cfa4815ab4f5af29425264",
        "android_client_info": {
          "package_name": "com.neatroots.instagramclone"
        }
      },
      "oauth_client": [],
      "api_key": [
        {
          "current_key": "AIzaSyBFmJKe7jms6pZM3hbsaoD9CvQIsAGClBE"
        }
      ],
      "services": {
        "appinvite_service": {
          "other_platform_oauth_client": []
        }
      }
    }
  ],
  "configuration_version": "1"
}